epoch,train_loss,val_loss
1,0.19138061563190695,0.1312258697265736
2,0.12446175945820001,0.12501936664793642
