{
  "device": "cpu",
  "month_filter": "enero",
  "rows_after_cleaning": 10294,
  "feature_count": 34,
  "available_periods": [
    "2014-01",
    "2015-01",
    "2016-01",
    "2017-01",
    "2018-01",
    "2019-01",
    "2020-01",
    "2021-01",
    "2022-01",
    "2023-01",
    "2024-01",
    "2025-01",
    "2026-01"
  ],
  "sequence_counts": {
    "train": 5934,
    "val": 1327,
    "test": 1325
  },
  "split_info": {
    "month_filter": "enero",
    "available_periods": [
      "2014-01",
      "2015-01",
      "2016-01",
      "2017-01",
      "2018-01",
      "2019-01",
      "2020-01",
      "2021-01",
      "2022-01",
      "2023-01",
      "2024-01",
      "2025-01",
      "2026-01"
    ],
    "train_periods": [
      "2014-01",
      "2015-01",
      "2016-01",
      "2017-01",
      "2018-01",
      "2019-01",
      "2020-01",
      "2021-01",
      "2022-01"
    ],
    "val_periods": [
      "2023-01",
      "2024-01"
    ],
    "test_periods": [
      "2025-01",
      "2026-01"
    ],
    "total_rows": 10294,
    "max_gap_minutes": 120
  },
  "metrics": {
    "train": {
      "mae": 3.216822624206543,
      "rmse": 4.180638399426314,
      "mape": 4.338648319244385,
      "r2": 0.7893157071811912,
      "coverage_with_mae_band": 0.6845298281092013
    },
    "val": {
      "mae": 3.6279947757720947,
      "rmse": 4.755493601180548,
      "mape": 4.798697471618652,
      "r2": 0.6863415548885943,
      "coverage_with_mae_band": 0.6239638281838734
    },
    "test": {
      "mae": 3.883502244949341,
      "rmse": 5.058887652840061,
      "mape": 5.090572357177734,
      "r2": 0.7127724516923382,
      "coverage_with_mae_band": 0.6052830188679246
    }
  },
  "prediction_band": {
    "method": "plus_minus_mae",
    "reference_split": "test",
    "mae_f": 3.883502244949341,
    "half_width_f": 3.883502244949341
  }
}